{"cameraMode":{"drawMode":0,"name":"Shaded","section":"Shading Mode"},"sceneLighting":true,"audioPlay":false,"sceneViewState":{"showFog":true,"showMaterialUpdate":false,"showSkybox":true,"showFlares":true,"showImageEffects":true,"showParticleSystems":true},"in2DMode":false,"pivot":{"x":1.0395774841308594,"y":-0.23352718353271485,"z":-0.7907247543334961},"rotation":{"x":-0.1906200498342514,"y":0.7208725214004517,"z":-0.2182614654302597,"w":-0.6295782923698425},"size":9.12024974822998,"orthographic":false}